{
    "dwell_means": {
        "m": 85.22160053253174,
        "a": 151.99358463287354,
        "t": 119.90373134613037,
        "h": 72.82958030700684
    },
    "dwell_stdevs": {
        "m": 8.76425491931786,
        "a": 16.650722445178747,
        "t": 7.729805822443929,
        "h": 6.420166034385669
    },
    "flight_means": {
        "m-a": 74.5459794998169,
        "a-t": 4.212522506713867,
        "t-h": 16.028213500976562
    },
    "flight_stdevs": {
        "m-a": 141.11291525623568,
        "a-t": 46.54464637456806,
        "t-h": 53.47770210409849
    }
}